{"cameraMode":{"drawMode":0,"name":"Shaded","section":"Shading Mode"},"sceneLighting":false,"audioPlay":false,"sceneViewState":{"m_AlwaysRefresh":false,"showFog":true,"showSkybox":false,"showFlares":true,"showImageEffects":true,"showParticleSystems":true,"showVisualEffectGraphs":true,"m_FxEnabled":true},"in2DMode":false,"pivot":{"x":-8.293993949890137,"y":0.8358291983604431,"z":-32.378517150878909},"rotation":{"x":-0.002682869089767337,"y":0.9783112406730652,"z":-0.011699454858899117,"w":-0.20723026990890504},"size":3.570714235305786,"orthographic":false}